{
  "products": {
    "sbcape": {
      "count": 49,
      "mean_abs": 0.004451514974022582,
      "rmse": 0.009974952308189452,
      "max_abs": 0.035431650648206414,
      "p99_abs": 0.03370422732936275,
      "mean_bias": 0.004430937139139978
    },
    "sbcin": {
      "count": 49,
      "mean_abs": 0.00021352031580190042,
      "rmse": 0.0006241427039858083,
      "max_abs": 0.0029944376342712076,
      "p99_abs": 0.002490496856868272,
      "mean_bias": 0.00010210785731159113
    },
    "h_lcl": {
      "count": 49,
      "mean_abs": 0.00015441209298130013,
      "rmse": 0.00018427936032562118,
      "max_abs": 0.0004307281479896119,
      "p99_abs": 0.00037620493715166914,
      "mean_bias": -1.5606366365638716e-05
    },
    "mlcape": {
      "count": 49,
      "mean_abs": 0.0011005344334681522,
      "rmse": 0.002281456974768832,
      "max_abs": 0.00796068536118355,
      "p99_abs": 0.007177290419274407,
      "mean_bias": 0.001097736268755769
    },
    "mlcin": {
      "count": 49,
      "mean_abs": 0.00017606511466825524,
      "rmse": 0.00035628651803838805,
      "max_abs": 0.0013334868870202854,
      "p99_abs": 0.0011303962125435857,
      "mean_bias": 0.00012203717475138231
    },
    "mucape": {
      "count": 49,
      "mean_abs": 0.004933951651730524,
      "rmse": 0.010034773230441144,
      "max_abs": 0.035431650648206414,
      "p99_abs": 0.03370422732936275,
      "mean_bias": 0.0047982447656759976
    },
    "mucin": {
      "count": 49,
      "mean_abs": 0.0004475096360832486,
      "rmse": 0.0008261377090071472,
      "max_abs": 0.003471303182493557,
      "p99_abs": 0.0027983439075410332,
      "mean_bias": 0.0002701205278359491
    },
    "mu_start_p": {
      "count": 49,
      "mean_abs": 5.779655610667203e-06,
      "rmse": 1.3819484347042175e-05,
      "max_abs": 4.8828125045474735e-05,
      "p99_abs": 4.8828125045474735e-05,
      "mean_bias": 2.989477043600494e-07
    },
    "shear06": {
      "count": 49,
      "mean_abs": 4.977277912089147e-07,
      "rmse": 6.981251740478332e-07,
      "max_abs": 2.091202262022307e-06,
      "p99_abs": 2.0534689502937906e-06,
      "mean_bias": 5.970478935736008e-08
    },
    "rm_u": {
      "count": 49,
      "mean_abs": 5.240614038689969e-07,
      "rmse": 6.377682412105355e-07,
      "max_abs": 1.6320247340217975e-06,
      "p99_abs": 1.4430789644848102e-06,
      "mean_bias": -5.455475425603662e-08
    },
    "rm_v": {
      "count": 49,
      "mean_abs": 4.2933637461543967e-07,
      "rmse": 5.210129947843224e-07,
      "max_abs": 1.4145660562903117e-06,
      "p99_abs": 1.2496534470685092e-06,
      "mean_bias": -7.875659852165697e-09
    },
    "srh01": {
      "count": 49,
      "mean_abs": 6.36398415750395e-06,
      "rmse": 8.905655829904491e-06,
      "max_abs": 3.0510378564940766e-05,
      "p99_abs": 2.4705249165890518e-05,
      "mean_bias": -1.7134270519421204e-06
    },
    "stp": {
      "count": 49,
      "mean_abs": 6.672713773391318e-07,
      "rmse": 1.7934566338347368e-06,
      "max_abs": 7.868641999919657e-06,
      "p99_abs": 6.85919134466805e-06,
      "mean_bias": 6.586952066595058e-07
    },
    "li": {
      "count": 49,
      "mean_abs": 1.7586576054016554e-05,
      "rmse": 2.2535387063366246e-05,
      "max_abs": 4.925266011923668e-05,
      "p99_abs": 4.786808766766625e-05,
      "mean_bias": -7.507618806000339e-06
    },
    "showalter": {
      "count": 49,
      "mean_abs": 1.4632517323958865e-05,
      "rmse": 1.8381015815060743e-05,
      "max_abs": 4.573484267211825e-05,
      "p99_abs": 4.370110121953984e-05,
      "mean_bias": -2.3175796796953807e-06
    },
    "k_index": {
      "count": 49,
      "mean_abs": 1.740127063721864e-05,
      "rmse": 2.0770884971295334e-05,
      "max_abs": 4.1362161027791444e-05,
      "p99_abs": 3.94235224030126e-05,
      "mean_bias": -4.773371217675513e-06
    },
    "total_totals": {
      "count": 49,
      "mean_abs": 2.2686263429134168e-05,
      "rmse": 2.7291360532311156e-05,
      "max_abs": 5.574963370236219e-05,
      "p99_abs": 5.539601223063073e-05,
      "mean_bias": -6.325795889282819e-06
    },
    "pwat": {
      "count": 49,
      "mean_abs": 0.0007869517688509642,
      "rmse": 0.0008398712464913147,
      "max_abs": 0.0012530414115090593,
      "p99_abs": 0.001220916788484203,
      "mean_bias": -0.0007869517688509642
    }
  }
}