{
  "crop": {
    "lat_max": 46.0,
    "lat_min": 24.0,
    "lon_max_360": 287.0,
    "lon_min_360": 245.0,
    "nx": 17,
    "ny": 9,
    "stride": 10
  },
  "fields": {
    "h_lcl": {
      "count": 143,
      "max": 3266.2852628745763,
      "mean": 995.9601877747267,
      "min": 6.864925802837101
    },
    "mlcape": {
      "count": 143,
      "max": 893.0881359220418,
      "mean": 10.72977715060914,
      "min": 0.0
    },
    "mlcin": {
      "count": 143,
      "max": 0.0,
      "mean": -2.0199369333410813,
      "min": -169.96847345347555
    },
    "mu_start_p": {
      "count": 143,
      "max": 1017.0935625000001,
      "mean": 679.7157408216783,
      "min": 500.0
    },
    "mucape": {
      "count": 143,
      "max": 2124.415275917567,
      "mean": 34.04370430246814,
      "min": -4.684812155455419
    },
    "mucin": {
      "count": 143,
      "max": 0.0,
      "mean": -4.2677513562578815,
      "min": -128.39605597508665
    },
    "rm_u": {
      "count": 143,
      "max": 35.61927560344349,
      "mean": 9.371095364749761,
      "min": -9.246061295334856
    },
    "rm_v": {
      "count": 143,
      "max": 17.476662818873653,
      "mean": -9.123753434209561,
      "min": -22.691492194118723
    },
    "sbcape": {
      "count": 143,
      "max": 2124.415275917567,
      "mean": 35.15847628278955,
      "min": 0.0
    },
    "sbcin": {
      "count": 143,
      "max": 0.0,
      "mean": -0.5752896142782046,
      "min": -58.47579556056272
    },
    "shear06": {
      "count": 143,
      "max": 67.64860511929,
      "mean": 30.141380750815237,
      "min": 4.3126265456097315
    },
    "srh01": {
      "count": 143,
      "max": 550.5499322529471,
      "mean": 58.77295269533723,
      "min": -220.06976057770274
    },
    "stp": {
      "count": 143,
      "max": 0.059882793209765174,
      "mean": 0.0007540590281308108,
      "min": -0.01759970787443152
    }
  },
  "pressure_levels_hpa": [
    1000.0,
    975.0,
    950.0,
    925.0,
    900.0,
    850.0,
    800.0,
    750.0,
    700.0,
    650.0,
    600.0,
    550.0,
    500.0,
    450.0,
    400.0,
    350.0,
    300.0,
    250.0,
    200.0,
    150.0,
    100.0
  ]
}