{
  "products": {
    "sbcape": {
      "count": 84,
      "mean_abs": 0.004277826695818858,
      "rmse": 0.010441420786574025,
      "max_abs": 0.03632828719491954,
      "p99_abs": 0.034517824871113593,
      "mean_bias": 0.004175056136424578
    },
    "sbcin": {
      "count": 84,
      "mean_abs": 0.000354195270148392,
      "rmse": 0.0019149940395247421,
      "max_abs": 0.017154635385734807,
      "p99_abs": 0.005247943127407388,
      "mean_bias": -0.00014725103255122
    },
    "h_lcl": {
      "count": 84,
      "mean_abs": 0.00018215128360428898,
      "rmse": 0.0002086168086674139,
      "max_abs": 0.00040716925298056594,
      "p99_abs": 0.0003597800582929268,
      "mean_bias": 3.6941647326250136e-05
    },
    "mlcape": {
      "count": 84,
      "mean_abs": 0.0021977561682135437,
      "rmse": 0.005828712175969677,
      "max_abs": 0.026278265540668144,
      "p99_abs": 0.022671854575519325,
      "mean_bias": 0.002195899251497817
    },
    "mlcin": {
      "count": 84,
      "mean_abs": 0.00011230741513820885,
      "rmse": 0.00024997464752067133,
      "max_abs": 0.00104241655841264,
      "p99_abs": 0.0008343532945664127,
      "mean_bias": 1.256848705577518e-05
    },
    "mucape": {
      "count": 84,
      "mean_abs": 0.004494052446097324,
      "rmse": 0.010338614354481022,
      "max_abs": 0.03632828719491954,
      "p99_abs": 0.034517824871113593,
      "mean_bias": 0.004339879039130461
    },
    "mucin": {
      "count": 84,
      "mean_abs": 0.0001426767009887581,
      "rmse": 0.00033138629391628397,
      "max_abs": 0.0014614030082142904,
      "p99_abs": 0.0011718727791850021,
      "mean_bias": -1.724762128537962e-05
    },
    "mu_start_p": {
      "count": 84,
      "mean_abs": 5.115327378949327e-06,
      "rmse": 1.3409226118488254e-05,
      "max_abs": 5.859375005456968e-05,
      "p99_abs": 5.454101567579529e-05,
      "mean_bias": 1.1625744464470785e-07
    },
    "shear06": {
      "count": 84,
      "mean_abs": 9.570878141235404e-07,
      "rmse": 1.2447596024853758e-06,
      "max_abs": 3.432409677373016e-06,
      "p99_abs": 3.329340921993662e-06,
      "mean_bias": -2.2555856090836608e-07
    },
    "rm_u": {
      "count": 84,
      "mean_abs": 1.2688005051053608e-06,
      "rmse": 4.758141893249687e-06,
      "max_abs": 4.2692560626278464e-05,
      "p99_abs": 9.50926609398557e-06,
      "mean_bias": -4.936343151594799e-07
    },
    "rm_v": {
      "count": 84,
      "mean_abs": 8.772593543762565e-07,
      "rmse": 3.0203650977413514e-06,
      "max_abs": 2.6739913380868785e-05,
      "p99_abs": 6.284805166498806e-06,
      "mean_bias": -2.40713751883551e-07
    },
    "srh01": {
      "count": 84,
      "mean_abs": 1.4880520537087163e-05,
      "rmse": 5.058670805161066e-05,
      "max_abs": 0.0004454569651670681,
      "p99_abs": 0.00012700531479708908,
      "mean_bias": 6.152206334386094e-06
    },
    "stp": {
      "count": 84,
      "mean_abs": 1.6337589369312787e-06,
      "rmse": 5.086396612069606e-06,
      "max_abs": 3.0348723115469767e-05,
      "p99_abs": 2.3039746164410526e-05,
      "mean_bias": 1.4622841782452037e-06
    },
    "li": {
      "count": 84,
      "mean_abs": 1.779519627256204e-05,
      "rmse": 2.2581501748371932e-05,
      "max_abs": 6.499282653749106e-05,
      "p99_abs": 5.494683900963084e-05,
      "mean_bias": -1.0658681666714506e-05
    },
    "showalter": {
      "count": 84,
      "mean_abs": 1.4622368990133272e-05,
      "rmse": 1.815150120883839e-05,
      "max_abs": 4.5616399944492514e-05,
      "p99_abs": 4.5275616291462486e-05,
      "mean_bias": -7.16432574895028e-06
    },
    "k_index": {
      "count": 84,
      "mean_abs": 1.5451820223079593e-05,
      "rmse": 1.8635977576473134e-05,
      "max_abs": 4.226857720368571e-05,
      "p99_abs": 3.938429799944743e-05,
      "mean_bias": -2.9386418374667212e-06
    },
    "total_totals": {
      "count": 84,
      "mean_abs": 1.8168087031932872e-05,
      "rmse": 2.2581184770783793e-05,
      "max_abs": 5.564884071418419e-05,
      "p99_abs": 5.179156662620699e-05,
      "mean_bias": -3.1510199720162834e-06
    },
    "pwat": {
      "count": 84,
      "mean_abs": 0.00046929429107424515,
      "rmse": 0.0005962547404086544,
      "max_abs": 0.0011771524636969843,
      "p99_abs": 0.0011492155984576158,
      "mean_bias": -0.00046929429107424515
    }
  }
}