{
  "products": {
    "sbcape": {
      "count": 219,
      "mean_abs": 0.007208054507992647,
      "rmse": 0.012770369002418486,
      "max_abs": 0.04439907125197351,
      "p99_abs": 0.03748448838366583,
      "mean_bias": 0.007091853879912361
    },
    "sbcin": {
      "count": 219,
      "mean_abs": 8.906358403642179e-05,
      "rmse": 0.00033865513058463934,
      "max_abs": 0.003260432289067694,
      "p99_abs": 0.001085509151256331,
      "mean_bias": 7.332022517565108e-05
    },
    "h_lcl": {
      "count": 219,
      "mean_abs": 0.00017685118233963724,
      "rmse": 0.0002079411171464822,
      "max_abs": 0.0005525177143681503,
      "p99_abs": 0.00040268940144869695,
      "mean_bias": 3.504181086840032e-06
    },
    "mlcape": {
      "count": 219,
      "mean_abs": 0.0036086822481650703,
      "rmse": 0.006526209177750889,
      "max_abs": 0.025394447644202955,
      "p99_abs": 0.021619768007878973,
      "mean_bias": 0.0036049064875310786
    },
    "mlcin": {
      "count": 219,
      "mean_abs": 0.0001524252974840074,
      "rmse": 0.0002840038816663026,
      "max_abs": 0.001839835953092006,
      "p99_abs": 0.0009437405544150573,
      "mean_bias": 5.534570666829911e-05
    },
    "mucape": {
      "count": 219,
      "mean_abs": 0.007641048783007861,
      "rmse": 0.012876209346416504,
      "max_abs": 0.04439907125197351,
      "p99_abs": 0.03748448838366583,
      "mean_bias": 0.007419645357235133
    },
    "mucin": {
      "count": 219,
      "mean_abs": 0.00014629213486232166,
      "rmse": 0.0003534943011577349,
      "max_abs": 0.0020152208200272526,
      "p99_abs": 0.0014505179488845932,
      "mean_bias": 8.578260024422004e-05
    },
    "mu_start_p": {
      "count": 219,
      "mean_abs": 1.1192565637753582e-05,
      "rmse": 2.0646270095194022e-05,
      "max_abs": 6.103515625e-05,
      "p99_abs": 5.859375005456968e-05,
      "mean_bias": -2.8984731658330354e-07
    },
    "shear06": {
      "count": 219,
      "mean_abs": 7.089467918452794e-07,
      "rmse": 1.0253403861391217e-06,
      "max_abs": 4.431958032569128e-06,
      "p99_abs": 3.5531450650694294e-06,
      "mean_bias": 2.6684306839252947e-08
    },
    "rm_u": {
      "count": 219,
      "mean_abs": 5.708033506628478e-07,
      "rmse": 7.624232231647477e-07,
      "max_abs": 4.085597289815723e-06,
      "p99_abs": 2.0728448328810586e-06,
      "mean_bias": 5.633325737900192e-09
    },
    "rm_v": {
      "count": 219,
      "mean_abs": 4.494515704127541e-07,
      "rmse": 6.143497157439966e-07,
      "max_abs": 2.0741160522419477e-06,
      "p99_abs": 1.7951144828742818e-06,
      "mean_bias": 1.938747672600807e-08
    },
    "srh01": {
      "count": 219,
      "mean_abs": 5.250163094981226e-06,
      "rmse": 7.498223922420376e-06,
      "max_abs": 3.397887473965966e-05,
      "p99_abs": 2.518287994490718e-05,
      "mean_bias": -4.503140398977268e-08
    },
    "stp": {
      "count": 219,
      "mean_abs": 9.46222675855199e-07,
      "rmse": 2.8801141096792302e-06,
      "max_abs": 2.135903800792871e-05,
      "p99_abs": 1.1718877790255488e-05,
      "mean_bias": 9.298423715770981e-07
    },
    "li": {
      "count": 219,
      "mean_abs": 2.38951285799798e-05,
      "rmse": 2.934620388702314e-05,
      "max_abs": 7.361195667954235e-05,
      "p99_abs": 6.248592323572665e-05,
      "mean_bias": -1.6978644438252445e-05
    },
    "showalter": {
      "count": 219,
      "mean_abs": 1.6170577153925644e-05,
      "rmse": 2.0043626717065452e-05,
      "max_abs": 5.259180531425045e-05,
      "p99_abs": 4.713858375055223e-05,
      "mean_bias": -1.188776010625584e-05
    },
    "k_index": {
      "count": 219,
      "mean_abs": 1.5728392252206352e-05,
      "rmse": 1.8948556638484125e-05,
      "max_abs": 4.2736449103131235e-05,
      "p99_abs": 3.8037450444790004e-05,
      "mean_bias": 3.827791195437559e-06
    },
    "total_totals": {
      "count": 219,
      "mean_abs": 1.9416789538682434e-05,
      "rmse": 2.3751703595770767e-05,
      "max_abs": 5.750698778683727e-05,
      "p99_abs": 4.911733578978783e-05,
      "mean_bias": 3.8005450502173123e-06
    },
    "pwat": {
      "count": 219,
      "mean_abs": 0.0006164821088042001,
      "rmse": 0.0007095646564977068,
      "max_abs": 0.0012289116983650317,
      "p99_abs": 0.0010734827339261698,
      "mean_bias": -0.0006164821088042001
    }
  }
}