{
  "products": {
    "sbcape": {
      "count": 121,
      "mean_abs": 6.665626490049584e-06,
      "rmse": 3.816991975389248e-05,
      "max_abs": 0.00037030601366438987,
      "p99_abs": 0.00012160105977749855,
      "mean_bias": 4.179306572999858e-06
    },
    "sbcin": {
      "count": 121,
      "mean_abs": 4.859902380376883e-06,
      "rmse": 5.239884524738088e-05,
      "max_abs": 0.0005762668806825744,
      "p99_abs": 9.425045874422688e-06,
      "mean_bias": 4.859902380376883e-06
    },
    "h_lcl": {
      "count": 121,
      "mean_abs": 0.0001563855091912373,
      "rmse": 0.00018214876399565524,
      "max_abs": 0.0004310748158786737,
      "p99_abs": 0.0003578380729777563,
      "mean_bias": -1.1171231220442144e-06
    },
    "mlcape": {
      "count": 121,
      "mean_abs": 3.0408063288247135e-07,
      "rmse": 3.3448869617071852e-06,
      "max_abs": 3.6793756578779035e-05,
      "p99_abs": 0.0,
      "mean_bias": 3.0408063288247135e-07
    },
    "mlcin": {
      "count": 121,
      "mean_abs": 7.453550957336927e-07,
      "rmse": 8.198906053070619e-06,
      "max_abs": 9.018796658377681e-05,
      "p99_abs": 0.0,
      "mean_bias": 7.453550957336927e-07
    },
    "mucape": {
      "count": 121,
      "mean_abs": 5.3693056301657756e-05,
      "rmse": 0.0004235145327957215,
      "max_abs": 0.0037954756020326386,
      "p99_abs": 0.002161107368374352,
      "mean_bias": -5.3693056301657756e-05
    },
    "mucin": {
      "count": 121,
      "mean_abs": 7.308303928525072e-07,
      "rmse": 8.023103212453503e-06,
      "max_abs": 8.825395880762699e-05,
      "p99_abs": 1.4121498202110345e-07,
      "mean_bias": -7.279127279347157e-07
    },
    "mu_start_p": {
      "count": 121,
      "mean_abs": 0.0,
      "rmse": 0.0,
      "max_abs": 0.0,
      "p99_abs": 0.0,
      "mean_bias": 0.0
    },
    "shear06": {
      "count": 121,
      "mean_abs": 1.281873443662568e-06,
      "rmse": 1.6590188499297417e-06,
      "max_abs": 6.26286267646492e-06,
      "p99_abs": 4.671849924875455e-06,
      "mean_bias": -1.5947658571307767e-07
    },
    "rm_u": {
      "count": 121,
      "mean_abs": 6.304725908655176e-07,
      "rmse": 8.542304750435346e-07,
      "max_abs": 3.0479095229907216e-06,
      "p99_abs": 2.6387252642479083e-06,
      "mean_bias": 6.577710871847877e-08
    },
    "rm_v": {
      "count": 121,
      "mean_abs": 6.412028434307885e-07,
      "rmse": 8.633932410477916e-07,
      "max_abs": 2.5138917791878157e-06,
      "p99_abs": 2.1408503506847865e-06,
      "mean_bias": -7.985756068172325e-08
    },
    "srh01": {
      "count": 121,
      "mean_abs": 8.681068809579529e-06,
      "rmse": 1.1345712908999902e-05,
      "max_abs": 3.461575749952317e-05,
      "p99_abs": 3.0687878432900096e-05,
      "mean_bias": 8.266970887170133e-07
    },
    "stp": {
      "count": 121,
      "mean_abs": 7.359468677689934e-09,
      "rmse": 6.346166701601521e-08,
      "max_abs": 6.815084207176247e-07,
      "p99_abs": 1.2380073559428687e-07,
      "mean_bias": -6.714760415562423e-09
    },
    "li": {
      "count": 121,
      "mean_abs": 2.5958581288197957e-05,
      "rmse": 2.9655029815431648e-05,
      "max_abs": 5.897435181623223e-05,
      "p99_abs": 5.6010426266084314e-05,
      "mean_bias": -2.334442421044499e-05
    },
    "showalter": {
      "count": 121,
      "mean_abs": 1.8881962820049103e-05,
      "rmse": 2.3000717455667928e-05,
      "max_abs": 4.7102594379566654e-05,
      "p99_abs": 4.625791922876487e-05,
      "mean_bias": -1.5825323883935813e-05
    },
    "k_index": {
      "count": 121,
      "mean_abs": 1.4597925745797775e-05,
      "rmse": 1.7558054305602814e-05,
      "max_abs": 4.190004634097022e-05,
      "p99_abs": 3.806555296250735e-05,
      "mean_bias": 2.074559374432659e-06
    },
    "total_totals": {
      "count": 121,
      "mean_abs": 1.654315772326254e-05,
      "rmse": 2.064563593009457e-05,
      "max_abs": 5.529107775714692e-05,
      "p99_abs": 4.593854823724541e-05,
      "mean_bias": 2.0393495392529663e-06
    },
    "pwat": {
      "count": 121,
      "mean_abs": 0.0001160860987185472,
      "rmse": 0.0001379194836587479,
      "max_abs": 0.00039962797022496943,
      "p99_abs": 0.00038736550200439967,
      "mean_bias": -0.0001160860987185472
    }
  }
}