{
  "crop": {
    "lat_max": 45.0,
    "lat_min": 30.0,
    "lon_max_360": 270.0,
    "lon_min_360": 255.0,
    "nx": 11,
    "ny": 11,
    "stride": 6
  },
  "fields": {
    "h_lcl": {
      "count": 118,
      "max": 3262.2642781118448,
      "mean": 1780.984535855404,
      "min": 206.02643393364235
    },
    "mlcape": {
      "count": 118,
      "max": 3.4575584849673904,
      "mean": 0.03069199960681958,
      "min": 0.0
    },
    "mlcin": {
      "count": 118,
      "max": 0.0,
      "mean": -0.07657065467816626,
      "min": -6.807228935759632
    },
    "mu_start_p": {
      "count": 118,
      "max": 700.0,
      "mean": 655.9322033898305,
      "min": 550.0
    },
    "mucape": {
      "count": 118,
      "max": 0.0,
      "mean": 0.0,
      "min": 0.0
    },
    "mucin": {
      "count": 118,
      "max": 0.0,
      "mean": 0.0,
      "min": 0.0
    },
    "rm_u": {
      "count": 118,
      "max": 21.792892771380906,
      "mean": 6.227582142096994,
      "min": -2.4572775260804613
    },
    "rm_v": {
      "count": 118,
      "max": -9.5902117096897,
      "mean": -19.10587676627392,
      "min": -25.902679194819616
    },
    "sbcape": {
      "count": 118,
      "max": 12.79534981773314,
      "mean": 0.17382184688580093,
      "min": 0.0
    },
    "sbcin": {
      "count": 118,
      "max": 0.0,
      "mean": -0.15748525970076765,
      "min": -13.603642066147053
    },
    "shear06": {
      "count": 118,
      "max": 49.63665765010783,
      "mean": 33.10146357185521,
      "min": 5.4714381179770655
    },
    "srh01": {
      "count": 118,
      "max": 294.4862289383249,
      "mean": 58.63649069515125,
      "min": -120.83587273732175
    },
    "stp": {
      "count": 118,
      "max": 0.0027333280398319348,
      "mean": 0.000034482694052740416,
      "min": 0.0
    }
  },
  "pressure_levels_hpa": [
    1000.0,
    975.0,
    950.0,
    925.0,
    900.0,
    850.0,
    800.0,
    750.0,
    700.0,
    650.0,
    600.0,
    550.0,
    500.0,
    450.0,
    400.0,
    350.0,
    300.0,
    250.0,
    200.0,
    150.0,
    100.0
  ]
}