{
  "crop": {
    "lat_max": 37.0,
    "lat_min": 28.0,
    "lon_max_360": 285.0,
    "lon_min_360": 268.0,
    "nx": 12,
    "ny": 7,
    "stride": 6
  },
  "fields": {
    "h_lcl": {
      "count": 84,
      "max": 2029.000479540607,
      "mean": 810.0692095215335,
      "min": 78.28640469240116
    },
    "mlcape": {
      "count": 84,
      "max": 1442.6072828046877,
      "mean": 160.99145706878159,
      "min": 0.0
    },
    "mlcin": {
      "count": 84,
      "max": 0.0,
      "mean": -12.792640504748501,
      "min": -178.4727164840956
    },
    "mu_start_p": {
      "count": 84,
      "max": 1015.40175,
      "mean": 786.9534761904763,
      "min": 600.0
    },
    "mucape": {
      "count": 84,
      "max": 2605.153844041886,
      "mean": 365.58366082864944,
      "min": 0.0
    },
    "mucin": {
      "count": 84,
      "max": 0.0,
      "mean": -7.980216830254536,
      "min": -95.68826469463997
    },
    "rm_u": {
      "count": 84,
      "max": 37.83199330742463,
      "mean": 21.62364146099531,
      "min": 7.267506190494811
    },
    "rm_v": {
      "count": 84,
      "max": 27.22498051718111,
      "mean": -1.1772620060381034,
      "min": -21.268914088036073
    },
    "sbcape": {
      "count": 84,
      "max": 2605.153844041886,
      "mean": 337.05895526458363,
      "min": 0.0
    },
    "sbcin": {
      "count": 84,
      "max": 0.0,
      "mean": -13.050143837073882,
      "min": -268.5121250321543
    },
    "shear06": {
      "count": 84,
      "max": 71.35056856653762,
      "mean": 33.29596323204623,
      "min": 10.42155793621118
    },
    "srh01": {
      "count": 84,
      "max": 386.33959099602976,
      "mean": -29.173952983006373,
      "min": -617.4879990063893
    },
    "stp": {
      "count": 84,
      "max": 1.9236978526921753,
      "mean": 0.12549842853373838,
      "min": -0.029234222445702347
    }
  },
  "pressure_levels_hpa": [
    1000.0,
    975.0,
    950.0,
    925.0,
    900.0,
    850.0,
    800.0,
    750.0,
    700.0,
    650.0,
    600.0,
    550.0,
    500.0,
    450.0,
    400.0,
    350.0,
    300.0,
    250.0,
    200.0,
    150.0,
    100.0
  ]
}