{
  "crop": {
    "lat_max": 45.0,
    "lat_min": 32.0,
    "lon_max_360": 261.0,
    "lon_min_360": 247.0,
    "nx": 10,
    "ny": 9,
    "stride": 6
  },
  "fields": {
    "h_lcl": {
      "count": 67,
      "max": 4506.306667987885,
      "mean": 2200.6841005690503,
      "min": 231.02021264897343
    },
    "mlcape": {
      "count": 67,
      "max": 0.0,
      "mean": 0.0,
      "min": 0.0
    },
    "mlcin": {
      "count": 67,
      "max": 0.0,
      "mean": 0.0,
      "min": 0.0
    },
    "mu_start_p": {
      "count": 67,
      "max": 700.0,
      "mean": 576.1194029850747,
      "min": 500.0
    },
    "mucape": {
      "count": 67,
      "max": 0.0,
      "mean": 0.0,
      "min": 0.0
    },
    "mucin": {
      "count": 67,
      "max": 0.0,
      "mean": 0.0,
      "min": 0.0
    },
    "rm_u": {
      "count": 67,
      "max": 13.034492187000392,
      "mean": 1.277584603429457,
      "min": -8.642958482048519
    },
    "rm_v": {
      "count": 67,
      "max": -8.867414853704833,
      "mean": -18.040413671315935,
      "min": -25.034713843630477
    },
    "sbcape": {
      "count": 67,
      "max": 0.0,
      "mean": 0.0,
      "min": 0.0
    },
    "sbcin": {
      "count": 67,
      "max": 0.0,
      "mean": 0.0,
      "min": 0.0
    },
    "shear06": {
      "count": 67,
      "max": 49.15289044474527,
      "mean": 34.243607761706535,
      "min": 14.783479693695742
    },
    "srh01": {
      "count": 67,
      "max": 303.1495866405326,
      "mean": 85.45376021191375,
      "min": -6.649080069311481
    },
    "stp": {
      "count": 67,
      "max": 0.0,
      "mean": 0.0,
      "min": 0.0
    }
  },
  "pressure_levels_hpa": [
    1000.0,
    975.0,
    950.0,
    925.0,
    900.0,
    850.0,
    800.0,
    750.0,
    700.0,
    650.0,
    600.0,
    550.0,
    500.0,
    450.0,
    400.0,
    350.0,
    300.0,
    250.0,
    200.0,
    150.0,
    100.0
  ]
}