{
  "products": {
    "u500": {
      "all_points": {
        "count": 1038240,
        "mean_abs": 0.0,
        "rmse": 0.0,
        "max_abs": 0.0,
        "p99_abs": 0.0,
        "mean_bias": 0.0
      },
      "core_points": {
        "count": 1029612,
        "mean_abs": 0.0,
        "rmse": 0.0,
        "max_abs": 0.0,
        "p99_abs": 0.0,
        "mean_bias": 0.0
      }
    },
    "v500": {
      "all_points": {
        "count": 1038240,
        "mean_abs": 0.0,
        "rmse": 0.0,
        "max_abs": 0.0,
        "p99_abs": 0.0,
        "mean_bias": 0.0
      },
      "core_points": {
        "count": 1029612,
        "mean_abs": 0.0,
        "rmse": 0.0,
        "max_abs": 0.0,
        "p99_abs": 0.0,
        "mean_bias": 0.0
      }
    },
    "t850": {
      "all_points": {
        "count": 1038240,
        "mean_abs": 0.0,
        "rmse": 0.0,
        "max_abs": 0.0,
        "p99_abs": 0.0,
        "mean_bias": 0.0
      },
      "core_points": {
        "count": 1029612,
        "mean_abs": 0.0,
        "rmse": 0.0,
        "max_abs": 0.0,
        "p99_abs": 0.0,
        "mean_bias": 0.0
      }
    },
    "u850": {
      "all_points": {
        "count": 1038240,
        "mean_abs": 0.0,
        "rmse": 0.0,
        "max_abs": 0.0,
        "p99_abs": 0.0,
        "mean_bias": 0.0
      },
      "core_points": {
        "count": 1029612,
        "mean_abs": 0.0,
        "rmse": 0.0,
        "max_abs": 0.0,
        "p99_abs": 0.0,
        "mean_bias": 0.0
      }
    },
    "v850": {
      "all_points": {
        "count": 1038240,
        "mean_abs": 0.0,
        "rmse": 0.0,
        "max_abs": 0.0,
        "p99_abs": 0.0,
        "mean_bias": 0.0
      },
      "core_points": {
        "count": 1029612,
        "mean_abs": 0.0,
        "rmse": 0.0,
        "max_abs": 0.0,
        "p99_abs": 0.0,
        "mean_bias": 0.0
      }
    },
    "div500": {
      "all_points": {
        "count": 1035360,
        "mean_abs": 1.2105176732821996e-08,
        "rmse": 8.653061334336502e-07,
        "max_abs": 0.00041222009554709956,
        "p99_abs": 2.087089182034596e-18,
        "mean_bias": 1.8192395979520323e-10
      },
      "core_points": {
        "count": 1029612,
        "mean_abs": 1.8138916034483649e-19,
        "rmse": 4.60847444793877e-19,
        "max_abs": 1.9922214919421144e-17,
        "p99_abs": 1.951563910473908e-18,
        "mean_bias": -1.847527949160027e-22
      }
    },
    "vort500": {
      "all_points": {
        "count": 1035360,
        "mean_abs": 1.1834225230051216e-08,
        "rmse": 8.357853474333752e-07,
        "max_abs": 0.00041222206116753605,
        "p99_abs": 2.3987973066241786e-18,
        "mean_bias": 3.7213865737684556e-10
      },
      "core_points": {
        "count": 1029612,
        "mean_abs": 1.9867909912909778e-19,
        "rmse": 5.324705459463718e-19,
        "max_abs": 3.424723612338587e-17,
        "p99_abs": 2.222614453595284e-18,
        "mean_bias": 1.548894985201464e-21
      }
    },
    "tadv850": {
      "all_points": {
        "count": 1035360,
        "mean_abs": 2.097326117144832e-05,
        "rmse": 5.526263312536958e-05,
        "max_abs": 0.006436975304867739,
        "p99_abs": 0.00021551434442092083,
        "mean_bias": -3.415325626082821e-07
      },
      "core_points": {
        "count": 1029612,
        "mean_abs": 2.0973656200349155e-05,
        "rmse": 5.518242986374261e-05,
        "max_abs": 0.006436975304867739,
        "p99_abs": 0.00021489913386540802,
        "mean_bias": -3.676965605212769e-07
      }
    },
    "theta850": {
      "all_points": {
        "count": 1038240,
        "mean_abs": 7.841455918016319e-06,
        "rmse": 9.29199889841304e-06,
        "max_abs": 1.898436988767571e-05,
        "p99_abs": 1.8355137171965907e-05,
        "mean_bias": 3.4605124266720598e-06
      },
      "core_points": {
        "count": 1029612,
        "mean_abs": 7.8479826823396e-06,
        "rmse": 9.301471476916193e-06,
        "max_abs": 1.898436988767571e-05,
        "p99_abs": 1.8355137171965907e-05,
        "mean_bias": 3.449846923110842e-06
      }
    }
  }
}