{
  "crop": {
    "lat_max": 40.0,
    "lat_min": 30.0,
    "lon_max_360": 268.0,
    "lon_min_360": 258.0,
    "nx": 11,
    "ny": 11,
    "stride": 4
  },
  "fields": {
    "h_lcl": {
      "count": 121,
      "max": 2546.6643823533464,
      "mean": 1255.456210443692,
      "min": 200.17390547383556
    },
    "k_index": {
      "count": 121,
      "max": 6.891937448598053,
      "mean": -25.834996890378967,
      "min": -46.00654027149773
    },
    "li": {
      "count": 121,
      "max": 30.939534827601555,
      "mean": 23.454535261229776,
      "min": 13.775646484894452
    },
    "mlcape": {
      "count": 121,
      "max": 0.44554108658802477,
      "mean": 0.003682157740396899,
      "min": 0.0
    },
    "mlcin": {
      "count": 121,
      "max": 0.0,
      "mean": -0.058077282990136966,
      "min": -7.027351241806573
    },
    "mu_start_p": {
      "count": 121,
      "max": 700.0,
      "mean": 673.1404958677685,
      "min": 600.0
    },
    "mucape": {
      "count": 121,
      "max": 288.1584143991746,
      "mean": 3.9844823645105523,
      "min": 0.0
    },
    "mucin": {
      "count": 121,
      "max": 0.0,
      "mean": -0.13891273480415384,
      "min": -16.803216001897212
    },
    "pwat": {
      "count": 121,
      "max": 15.813876442506203,
      "mean": 4.633382983522811,
      "min": 1.2311811574688554
    },
    "rm_u": {
      "count": 121,
      "max": 29.226372240910226,
      "mean": 12.381572315815607,
      "min": 1.1673292959227188
    },
    "rm_v": {
      "count": 121,
      "max": -7.596654801620492,
      "mean": -22.606535920352282,
      "min": -32.853715155338165
    },
    "sbcape": {
      "count": 121,
      "max": 21.911730587516832,
      "mean": 0.2935147301001774,
      "min": 0.0
    },
    "sbcin": {
      "count": 121,
      "max": 0.0,
      "mean": -0.19627035909237928,
      "min": -15.923182611613528
    },
    "shear06": {
      "count": 121,
      "max": 58.74921878252365,
      "mean": 35.96811597523068,
      "min": 1.5113970783068629
    },
    "showalter": {
      "count": 121,
      "max": 30.261651464182748,
      "mean": 21.324951736630442,
      "min": 11.267251646954755
    },
    "srh01": {
      "count": 121,
      "max": 161.57294927862094,
      "mean": -54.74989210158955,
      "min": -394.10117561587333
    },
    "stp": {
      "count": 121,
      "max": 0.0,
      "mean": -0.0003639063803378405,
      "min": -0.04016119879677446
    },
    "total_totals": {
      "count": 121,
      "max": 42.84508834484786,
      "mean": 13.2330972440796,
      "min": -9.767413199001812
    }
  },
  "pressure_levels_hpa": [
    1000.0,
    975.0,
    950.0,
    925.0,
    900.0,
    850.0,
    800.0,
    750.0,
    700.0,
    650.0,
    600.0,
    550.0,
    500.0,
    450.0,
    400.0,
    350.0,
    300.0,
    250.0,
    200.0,
    150.0,
    100.0
  ]
}