{
  "crop": {
    "lat_deg": 37.0,
    "lon_deg": -87.5,
    "nx": 12,
    "ny": 7,
    "source_x": 1090,
    "source_y": 212,
    "x": 3,
    "y": 0
  },
  "environment": {
    "dewpoint_c": [
      -8.188975641396661,
      -9.476593719635849,
      -10.01752160374095,
      -10.443761579165505,
      -10.870974959228421,
      -13.488477583874483,
      -16.98910810544761,
      -21.507594863376998,
      -24.66680994817949,
      -26.703386568821514,
      -32.45082502992388,
      -45.47301474426294,
      -42.72699317592646,
      -44.25431165441229,
      -59.75310683290039,
      -68.65219309292296,
      -69.7988824246584,
      -74.81189583656328,
      -80.84056643889447,
      -83.10349278095686,
      -85.44179616530126
    ],
    "height_agl_m": [
      0.0,
      165.33296875,
      370.1723125,
      578.859,
      791.6049375,
      1230.507,
      1690.90675,
      2177.9245,
      2692.414875,
      3237.152875,
      3816.496375,
      4437.454374999999,
      5112.83375,
      5848.538125,
      6657.713125,
      7575.29375,
      8629.135,
      9866.610625,
      11370.496875,
      13278.676875,
      15919.389375
    ],
    "pressure_hpa": [
      995.52975,
      975.0,
      950.0,
      925.0,
      900.0,
      850.0,
      800.0,
      750.0,
      700.0,
      650.0,
      600.0,
      550.0,
      500.0,
      450.0,
      400.0,
      350.0,
      300.0,
      250.0,
      200.0,
      150.0,
      100.0
    ],
    "temperature_c": [
      -1.7726806640624773,
      -3.0645117187499977,
      -5.070781249999982,
      -7.114765624999961,
      -9.190761718749968,
      -12.822714843749964,
      -14.152714843749948,
      -16.872695312499957,
      -20.180292968749967,
      -24.033320312499967,
      -27.776582031249973,
      -30.480605468749985,
      -31.95001953124998,
      -37.22660156249998,
      -38.59134765624998,
      -38.581484374999974,
      -40.84871093749996,
      -41.58328124999997,
      -44.55666015624996,
      -47.953749999999985,
      -51.446425781249985
    ],
    "u_ms": [
      5.14581298828125,
      9.0239013671875,
      10.4790234375,
      11.468193359375,
      12.258933105468751,
      13.689230957031251,
      11.01802001953125,
      9.782314453125,
      10.64401123046875,
      12.3563525390625,
      14.1411669921875,
      17.102029418945314,
      17.980670166015624,
      19.615826416015626,
      30.001501464843752,
      37.447503662109376,
      38.7209716796875,
      32.34873657226563,
      27.403237915039064,
      25.76868896484375,
      14.7368017578125
    ],
    "v_ms": [
      -3.70422607421875,
      -6.5659228515625,
      -7.555439453125,
      -8.11122314453125,
      -8.48356689453125,
      -9.27494140625,
      -13.3171630859375,
      -12.7700390625,
      -9.875146484375,
      -7.06755859375,
      -5.2351928710937505,
      -3.7313995361328125,
      -1.6670288085937501,
      -2.503076171875,
      -3.3270385742187503,
      -1.89644775390625,
      -1.55849609375,
      0.41958007812500003,
      5.981579589843751,
      5.173223876953125,
      5.43951904296875
    ]
  },
  "mixed_layer": {
    "cape_jkg": 0.0,
    "cin_jkg": 0.0,
    "dewpoint_c": [
      -9.315750559179882,
      -9.476593719635849,
      -10.01752160374095,
      -10.443761579165505,
      -10.870974959228421,
      -13.488477583874483,
      -16.98910810544761,
      -21.507594863376998,
      -24.66680994817949,
      -26.703386568821514,
      -32.45082502992388,
      -45.47301474426294,
      -42.72699317592646,
      -44.25431165441229,
      -59.75310683290039,
      -68.65219309292296,
      -69.7988824246584,
      -74.81189583656328,
      -80.84056643889447,
      -83.10349278095686,
      -85.44179616530126
    ],
    "lcl_pressure_hpa": 880.2950059947398,
    "lcl_temperature_c": -10.871889665886386,
    "parcel_pressure_hpa": [
      995.52975,
      975.0,
      950.0,
      925.0,
      900.0,
      880.2950059947398,
      850.0,
      800.0,
      750.0,
      700.0,
      650.0,
      600.0,
      550.0,
      500.0,
      450.0,
      400.0,
      350.0,
      300.0,
      250.0,
      200.0,
      150.0,
      100.0
    ],
    "parcel_temperature_c": [
      -1.4938127166995514,
      -3.106335162595144,
      -5.103063867562355,
      -7.137686029405643,
      -9.21197481687301,
      -10.871889665886386,
      -12.925790888269864,
      -16.543808277716554,
      -20.48274256249218,
      -24.775570334280392,
      -29.455428635082868,
      -34.55558874069317,
      -40.110846518711654,
      -46.16106888462528,
      -52.75744635416536,
      -59.97192119031962,
      -67.9108200038291,
      -76.73563465883073,
      -86.6986140040876,
      -98.21306624681058,
      -112.01661161370636,
      -129.64275794365895
    ],
    "pressure_hpa": [
      995.52975,
      975.0,
      950.0,
      925.0,
      900.0,
      850.0,
      800.0,
      750.0,
      700.0,
      650.0,
      600.0,
      550.0,
      500.0,
      450.0,
      400.0,
      350.0,
      300.0,
      250.0,
      200.0,
      150.0,
      100.0
    ],
    "start_dewpoint_c": -9.315750559179882,
    "start_pressure_hpa": 995.52975,
    "start_temperature_c": -1.4938127166995514,
    "temperature_c": [
      -1.4938127166995514,
      -3.0645117187499977,
      -5.070781249999982,
      -7.114765624999961,
      -9.190761718749968,
      -12.822714843749964,
      -14.152714843749948,
      -16.872695312499957,
      -20.180292968749967,
      -24.033320312499967,
      -27.776582031249973,
      -30.480605468749985,
      -31.95001953124998,
      -37.22660156249998,
      -38.59134765624998,
      -38.581484374999974,
      -40.84871093749996,
      -41.58328124999997,
      -44.55666015624996,
      -47.953749999999985,
      -51.446425781249985
    ]
  },
  "most_unstable": {
    "cape_jkg": 0.0,
    "cin_jkg": 0.0,
    "dewpoint_c": [
      -24.66680994817949,
      -26.703386568821514,
      -32.45082502992388,
      -45.47301474426294,
      -42.72699317592646,
      -44.25431165441229,
      -59.75310683290039,
      -68.65219309292296,
      -69.7988824246584,
      -74.81189583656328,
      -80.84056643889447,
      -83.10349278095686,
      -85.44179616530126
    ],
    "lcl_pressure_hpa": 649.894984729393,
    "lcl_temperature_c": -25.490777452688235,
    "parcel_pressure_hpa": [
      700.0,
      650.0,
      649.894984729393,
      600.0,
      550.0,
      500.0,
      450.0,
      400.0,
      350.0,
      300.0,
      250.0,
      200.0,
      150.0,
      100.0
    ],
    "parcel_temperature_c": [
      -20.180292968749967,
      -25.480290946336737,
      -25.490777452688235,
      -30.516027367174793,
      -36.04180107863218,
      -42.10270574708827,
      -48.750189341478304,
      -56.05338013807302,
      -64.11432451700173,
      -73.09084021387739,
      -83.23414654282324,
      -94.96120795393121,
      -109.02109369313102,
      -126.97489432415138
    ],
    "pressure_hpa": [
      700.0,
      650.0,
      600.0,
      550.0,
      500.0,
      450.0,
      400.0,
      350.0,
      300.0,
      250.0,
      200.0,
      150.0,
      100.0
    ],
    "start_dewpoint_c": -24.66680994817949,
    "start_pressure_hpa": 700.0,
    "start_temperature_c": -20.180292968749967,
    "temperature_c": [
      -20.180292968749967,
      -24.033320312499967,
      -27.776582031249973,
      -30.480605468749985,
      -31.95001953124998,
      -37.22660156249998,
      -38.59134765624998,
      -38.581484374999974,
      -40.84871093749996,
      -41.58328124999997,
      -44.55666015624996,
      -47.953749999999985,
      -51.446425781249985
    ]
  },
  "surface": {
    "dewpoint_c": -8.188975641396661,
    "pressure_hpa": 995.52975,
    "surface_height_m": 178.459375,
    "temperature_c": -1.7726806640624773,
    "u10_ms": 5.14581298828125,
    "v10_ms": -3.70422607421875
  },
  "surface_based": {
    "cape_jkg": 64.72206286095867,