{
  "crop": {
    "lat_max": 30.0,
    "lat_min": 24.0,
    "lon_max_360": 282.0,
    "lon_min_360": 276.0,
    "nx": 7,
    "ny": 7,
    "stride": 4
  },
  "fields": {
    "h_lcl": {
      "count": 49,
      "max": 1563.1103889263227,
      "mean": 695.4256034480258,
      "min": 217.24737980027612
    },
    "mlcape": {
      "count": 49,
      "max": 616.1045909838042,
      "mean": 107.55952388733033,
      "min": 0.0
    },
    "mlcin": {
      "count": 49,
      "max": 0.0,
      "mean": -24.160796109605602,
      "min": -186.51846691518608
    },
    "mu_start_p": {
      "count": 49,
      "max": 1016.8695625,
      "mean": 865.8618341836733,
      "min": 700.0
    },
    "mucape": {
      "count": 49,
      "max": 1679.4067301012155,
      "mean": 328.20057554057587,
      "min": 0.0
    },
    "mucin": {
      "count": 49,
      "max": 0.0,
      "mean": -47.57046273153159,
      "min": -200.53183867903346
    },
    "rm_u": {
      "count": 49,
      "max": 23.88126120418284,
      "mean": 16.874989438204597,
      "min": 8.98431018913325
    },
    "rm_v": {
      "count": 49,
      "max": 3.716833769624528,
      "mean": -0.603491972472589,
      "min": -4.572863700610536
    },
    "sbcape": {
      "count": 49,
      "max": 1679.4067301012155,
      "mean": 308.2193719616235,
      "min": 0.0
    },
    "sbcin": {
      "count": 49,
      "max": 0.0,
      "mean": -14.595784578735662,
      "min": -234.77099435407226
    },
    "shear06": {
      "count": 49,
      "max": 41.95449886812621,
      "mean": 25.28451785570316,
      "min": 10.506575243986731
    },
    "srh01": {
      "count": 49,
      "max": 144.31319149712186,
      "mean": 39.8305916590197,
      "min": -168.06575417680884
    },
    "stp": {
      "count": 49,
      "max": 0.4951211932626979,
      "mean": 0.04799231251025314,
      "min": -0.0002358397384670625
    }
  },
  "pressure_levels_hpa": [
    1000.0,
    975.0,
    950.0,
    925.0,
    900.0,
    850.0,
    800.0,
    750.0,
    700.0,
    650.0,
    600.0,
    550.0,
    500.0,
    450.0,
    400.0,
    350.0,
    300.0,
    250.0,
    200.0,
    150.0,
    100.0
  ]
}