{
  "cases": [
    {
      "name": "metpy_doc_profile",
      "products": {
        "downdraft_cape_jkg": 1172.3303318924166,
        "k_index_c": 35.92113651333369,
        "lcl_pressure_hpa": 967.3099958236646,
        "lcl_temperature_c": 25.778386997939094,
        "lifted_index_c": -7.343885611470908,
        "parcel_profile_500_c": 2.8438856114709083,
        "precipitable_water_mm": 44.20872126303935,
        "showalter_index_c": 0.5143492191126509,
        "total_totals_c": 42.661828264118824,
        "wet_bulb_potential_temperature_k": 300.00795874183467,
        "wet_bulb_temperature_c": 27.110605709316435
      },
      "profile": {
        "dewpoint_c": [
          26.47667382886237,
          20.87471373731039,
          7.561652743204251,
          6.422898249614313,
          15.261828264118822,
          10.8532355928573,
          8.764796187745302,
          7.859308249214871,
          0.5794449928404366,
          -16.597920496974215,
          -9.164431069182829,
          -9.90490512385645,
          -14.58503488715551,
          -32.84099519645937,
          -51.23729024444851,
          -32.72822080732274,
          -42.59410131590475,
          -58.85968701789008,
          -69.38776999934828,
          -71.44480444589651,
          -75.529275464351,
          -78.8275893032852,
          -79.28793823750122,
          -72.13425645023516,
          -73.04415020609964,
          -64.15899890519911,
          -70.46374966559095,
          -75.70199743930277,
          -51.15573969532421,
          -56.395924778761035
        ],
        "pressure_hpa": [
          1008.0,
          1000.0,
          950.0,
          900.0,
          850.0,
          800.0,
          750.0,
          700.0,
          650.0,
          600.0,
          550.0,
          500.0,
          450.0,
          400.0,
          350.0,
          300.0,
          250.0,
          200.0,
          175.0,
          150.0,
          125.0,
          100.0,
          80.0,
          70.0,
          60.0,
          50.0,
          40.0,
          30.0,
          25.0,
          20.0
        ],
        "temperature_c": [
          29.3,
          28.1,
          23.5,
          20.9,
          18.4,
          15.9,
          13.1,
          10.1,
          6.7,
          3.1,
          -0.5,
          -4.5,
          -9.0,
          -14.8,
          -21.5,
          -29.7,
          -40.0,
          -52.4,
          -59.2,
          -66.5,
          -74.1,
          -78.5,
          -76.0,
          -71.6,
          -66.7,
          -61.3,
          -56.3,
          -51.7,
          -50.7,
          -47.5
        ]
      },
      "surface": {
        "dewpoint_c": 26.47667382886237,
        "pressure_hpa": 1008.0,
        "temperature_c": 29.3
      }
    },
    {
      "name": "plains_profile",
      "products": {
        "downdraft_cape_jkg": 1637.4193444476034,
        "k_index_c": 33.0,
        "lcl_pressure_hpa": 902.0063683867866,
        "lcl_temperature_c": 16.36921734077157,
        "lifted_index_c": -26.723773725261143,
        "parcel_profile_500_c": -8.276226274738857,
        "precipitable_water_mm": 20.840888897391242,
        "showalter_index_c": -11.183981197697008,
        "total_totals_c": 78.0,
        "wet_bulb_potential_temperature_k": 293.3523410862843,
        "wet_bulb_temperature_c": 20.14495045891025
      },
      "profile": {
        "dewpoint_c": [
          18.0,
          14.0,
          0.0,
          -20.0,
          -45.0,
          -60.0
        ],
        "pressure_hpa": [
          1000.0,
          925.0,
          850.0,
          700.0,
          500.0,
          300.0
        ],
        "temperature_c": [
          25.0,
          20.0,
          8.0,
          -10.0,
          -35.0,
          -52.0
        ]
      },
      "surface": {
        "dewpoint_c": 18.0,
        "pressure_hpa": 1000.0,
        "temperature_c": 25.0
      }
    },
    {
      "name": "tropical_profile",
      "products": {
        "downdraft_cape_jkg": 939.1849324456487,
        "k_index_c": 27.900000000000002,
        "lcl_pressure_hpa": 943.879919191467,
        "lcl_temperature_c": 23.404613992717827,
        "lifted_index_c": -4.601934796305439,
        "parcel_profile_500_c": 0.40193479630543827,
        "precipitable_water_mm": 47.45847947066789,
        "showalter_index_c": -0.4907945793548709,
        "total_totals_c": 44.3,
        "wet_bulb_potential_temperature_k": 298.50198528009344,
        "wet_bulb_temperature_c": 25.58691023914976
      },
      "profile": {
        "dewpoint_c": [
          24.5,
          24.0,
          22.0,
          19.5,
          15.8,
          10.8,
          -2.0,
          -18.0
        ],
        "pressure_hpa": [
          1008.0,
          1000.0,
          950.0,
          900.0,
          850.0,
          800.0,
          700.0,
          500.0
        ],
        "temperature_c": [
          29.0,
          28.4,
          26.2,
          23.0,
          20.1,
          17.8,
          10.2,
          -4.2
        ]
      },
      "surface": {
        "dewpoint_c": 24.5,
        "pressure_hpa": 1008.0,
        "temperature_c": 29.0
      }
    }
  ]
}