{
  "crop": {
    "lat_deg": 28.75,
    "lon_deg": -81.25,
    "nx": 20,
    "ny": 11,
    "source_x": 1115,
    "source_y": 245,
    "x": 15,
    "y": 5
  },
  "environment": {
    "dewpoint_c": [
      17.884592233079672,
      16.961104441012665,
      16.311161816149877,
      15.750851596048603,
      15.137056138012891,
      14.465906656447617,
      13.152574474205307,
      10.300495863511413,
      4.333891751153128,
      0.9201210949811368,
      -2.2320476650948757,
      -10.965849280953885,
      -19.000341502541705,
      -25.57330978722963,
      -28.75990996757436,
      -35.27737317522162,
      -40.03654996346867,
      -40.13640630804959,
      -50.74590222483913,
      -59.861739541643985,
      -78.31760013622909,
      -83.62743639000641
    ],
    "height_agl_m": [
      0.0,
      71.234875,
      295.2973515625,
      523.3815078125,
      755.7834375,
      992.808625,
      1481.6673125000002,
      1992.1290000000001,
      2526.999125,
      3092.515875,
      3690.606375,
      4326.076625000001,
      5007.3175,
      5744.347500000001,
      6543.416875000001,
      7417.173750000001,
      8384.1975,
      9462.95625,
      10684.293125,
      12110.066875,
      13887.119375,
      16345.143125
    ],
    "pressure_hpa": [
      1008.0323125000001,
      1000.0,
      975.0,
      950.0,
      925.0,
      900.0,
      850.0,
      800.0,
      750.0,
      700.0,
      650.0,
      600.0,
      550.0,
      500.0,
      450.0,
      400.0,
      350.0,
      300.0,
      250.0,
      200.0,
      150.0,
      100.0
    ],
    "temperature_c": [
      30.385473632812534,
      28.30388671875005,
      25.857695312500027,
      23.623906250000005,
      21.43771484375003,
      19.287675781250016,
      14.957714843750011,
      10.487695312500023,
      7.421464843750016,
      3.8014843750000296,
      -0.44853515624998863,
      -4.438613281249957,
      -7.284531249999986,
      -11.359882812499961,
      -16.96589843749996,
      -22.257988281249965,
      -29.513417968749962,
      -38.89849609374997,
      -49.44148437499996,
      -59.38529296874998,
      -64.02626953124997,
      -69.24941406249997
    ],
    "u_ms": [
      4.9483056640625005,
      7.39141845703125,
      9.10646484375,
      9.7839306640625,
      10.24916015625,
      10.591298828125,
      11.263110351562501,
      12.15153076171875,
      14.83538818359375,
      15.94048828125,
      16.31488525390625,
      15.8470654296875,
      15.247445678710939,
      16.705734252929688,
      19.02374267578125,
      20.88953857421875,
      22.504043579101562,
      26.43795166015625,
      25.319873046875003,
      25.25210876464844,
      43.85674560546875,
      25.25485107421875
    ],
    "v_ms": [
      6.2249755859375,
      9.069638671875,
      10.9472998046875,
      11.52562744140625,
      11.7999560546875,
      11.921494140625,
      11.911198730468751,
      11.8309423828125,
      12.3809228515625,
      12.5930712890625,
      12.4548974609375,
      13.4518603515625,
      16.083489990234376,
      18.084194946289063,
      17.77987060546875,
      17.05980224609375,
      17.107403564453126,
      16.218304443359376,
      14.0396484375,
      10.170703125000001,
      13.6947412109375,
      11.200383300781251
    ]
  },
  "mixed_layer": {
    "cape_jkg": 1099.9844349198288,
    "cin_jkg": -6.315259763241911,
    "dewpoint_c": [
      16.754834997685226,
      16.961104441012665,
      16.311161816149877,
      15.750851596048603,
      15.137056138012891,
      14.465906656447617,
      13.152574474205307,
      10.300495863511413,
      4.333891751153128,
      0.9201210949811368,
      -2.2320476650948757,
      -10.965849280953885,
      -19.000341502541705,
      -25.57330978722963,
      -28.75990996757436,
      -35.27737317522162,
      -40.03654996346867,
      -40.13640630804959,
      -50.74590222483913,
      -59.861739541643985,
      -78.31760013622909,
      -83.62743639000641
    ],
    "lcl_pressure_hpa": 844.5154084940339,
    "lcl_temperature_c": 13.995781845731756,
    "parcel_pressure_hpa": [
      1008.0323125000001,
      1000.0,
      975.0,
      950.0,
      925.0,
      900.0,
      850.0,
      844.5154084940339,
      800.0,
      750.0,
      700.0,
      650.0,
      600.0,
      550.0,
      500.0,
      450.0,
      400.0,
      350.0,
      300.0,
      250.0,
      200.0,
      150.0,
      100.0
    ],
    "parcel_temperature_c": [
      28.846349945550173,
      28.156841476133025,
      25.985154494351377,
      23.77332053037628,
      21.519510891527375,
      19.221761387651554,
      14.485821861784189,
      13.995781845731756,
      11.88813354383286,
      9.374768975476458,
      6.6194005315731985,
      3.570599527601039,
      0.16003473636750737,
      -3.704704735170677,
      -8.15044130696555,
      -13.352298545956192,
      -19.548965966823857,
      -27.049657713169413,
      -36.212951943740364,
      -47.396749642359744,
      -60.976910359682364,
      -77.61745177509852,
      -98.99236697795891
    ],
    "pressure_hpa": [
      1008.0323125000001,
      1000.0,
      975.0,
      950.0,
      925.0,
      900.0,
      850.0,
      800.0,
      750.0,
      700.0,
      650.0,
      600.0,
      550.0,
      500.0,
      450.0,
      400.0,
      350.0,
      300.0,
      250.0,
      200.0,
      150.0,
      100.0
    ],
    "start_dewpoint_c": 16.754834997685226,
    "start_pressure_hpa": 1008.0323125000001,
    "start_temperature_c": 28.846349945550173,
    "temperature_c": [
      28.846349945550173,
      28.30388671875005,
      25.857695312500027,
      23.623906250000005,
      21.43771484375003,
      19.287675781250016,
      14.957714843750011,
      10.487695312500023,
      7.421464843750016,
      3.8014843750000296,
      -0.44853515624998863,
      -4.438613281249957,
      -7.284531249999986,
      -11.359882812499961,
      -16.96589843749996,
      -22.257988281249965,
      -29.513417968749962,
      -38.89849609374997,
      -49.44148437499996,
      -59.38529296874998,
      -64.02626953124997,
      -69.24941406249997
    ]
  },
  "most_unstable": {
    "cape_jkg": 2012.9350293082373,
    "cin_jkg": 0.0,
    "dewpoint_c": [
      17.884592233079672,
      16.961104441012665,
      16.311161816149877,
      15.750851596048603,
      15.137056138012891,
      14.465906656447617,
      13.152574474205307,
      10.300495863511413,
      4.333891751153128,
      0.9201210949811368,
      -2.2320476650948757,
      -10.965849280953885,
      -19.000341502541705,
      -25.57330978722963,
      -28.75990996757436,
      -35.27737317522162,
      -40.03654996346867,
      -40.13640630804959,
      -50.74590222483913,
      -59.861739541643985,
      -78.31760013622909,
      -83.62743639000641
    ],
    "lcl_pressure_hpa": 839.947928751128,
    "lcl_temperature_c": 15.016817748507208,
    "parcel_pressure_hpa": [
      1008.0323125000001,
      1000.0,
      975.0,
      950.0,
      925.0,
      900.0,
      850.0,
      839.947928751128,
      800.0,
      750.0,
      700.0,
      650.0,
      600.0,
      550.0,
      500.0,
      450.0,
      400.0,
      350.0,
      300.0,
      250.0,
      200.0,
      150.0,
      100.0
    ],
    "parcel_temperature_c": [
      30.385473632812534,
      29.69245108510262,
      27.509696105725652,
      25.286589535154974,
      23.02129336078218,
      20.711833381963743,
      15.951757151440688,
      15.016817748507208,
      13.153539895865986,
      10.702738311784577,
      8.020747518814238,
      5.058931128532805,
      1.7525652503980638,
      -1.9862546967225287,
      -6.279229891220108,
      -11.297195265542998,
      -17.279831127889295,
      -24.552729674026843,
      -33.51965472577121,
      -44.60702647977463,
      -58.23444094726392,
      -75.05017393919947,
      -96.69927673879107
    ],