{
  "crop": {
    "lat_max": 35.0,
    "lat_min": 22.0,
    "lon_max_360": 284.0,
    "lon_min_360": 260.0,
    "nx": 20,
    "ny": 11,
    "stride": 5
  },
  "fields": {
    "h_lcl": {
      "count": 220,
      "max": 3748.1038502546844,
      "mean": 1095.7043633477606,
      "min": 58.844827790416666
    },
    "k_index": {
      "count": 219,
      "max": 36.588808850436386,
      "mean": 4.780926597282802,
      "min": -68.33676605956326
    },
    "li": {
      "count": 220,
      "max": 30.188891302486645,
      "mean": 8.031778722488186,
      "min": -8.266805459671321
    },
    "mlcape": {
      "count": 220,
      "max": 2103.4617643322185,
      "mean": 384.7415326649525,
      "min": 0.0
    },
    "mlcin": {
      "count": 220,
      "max": 0.0,
      "mean": -18.484973349594917,
      "min": -297.35743959823213
    },
    "mu_start_p": {
      "count": 220,
      "max": 1017.8723125000001,
      "mean": 856.0285000000003,
      "min": 600.0
    },
    "mucape": {
      "count": 220,
      "max": 3525.5264865827685,
      "mean": 881.5229539003293,
      "min": 0.0
    },
    "mucin": {
      "count": 220,
      "max": 0.0,
      "mean": -11.900118770778233,
      "min": -179.75111047643884
    },
    "pwat": {
      "count": 220,
      "max": 42.87176005363826,
      "mean": 24.26540605137333,
      "min": 1.9436694418328337
    },
    "rm_u": {
      "count": 220,
      "max": 34.46707545083501,
      "mean": 13.65269859063409,
      "min": -4.686211457027327
    },
    "rm_v": {
      "count": 220,
      "max": 22.710198735014043,
      "mean": -4.619250531986298,
      "min": -28.28984374964213
    },
    "sbcape": {
      "count": 220,
      "max": 3525.5264865827685,
      "mean": 835.1754028772531,
      "min": -6.393152003098602
    },
    "sbcin": {
      "count": 220,
      "max": 0.0,
      "mean": -9.010392658702932,
      "min": -277.952807172478
    },
    "shear06": {
      "count": 220,
      "max": 73.68201311696612,
      "mean": 24.468565081265197,
      "min": 5.716899326067215
    },
    "showalter": {
      "count": 220,
      "max": 89.57167499022755,
      "mean": 11.268463732532862,
      "min": -2.542199425836346
    },
    "srh01": {
      "count": 220,
      "max": 206.38819645743848,
      "mean": 6.969991334242371,
      "min": -291.0250857351241
    },
    "stp": {
      "count": 220,
      "max": 1.0411596454203083,
      "mean": 0.06930158194799062,
      "min": -0.06454364677947656
    },
    "total_totals": {
      "count": 219,
      "max": 50.83005494295524,
      "mean": 30.625334075125817,
      "min": -15.88745279835939
    }
  },
  "pressure_levels_hpa": [
    1000.0,
    975.0,
    950.0,
    925.0,
    900.0,
    850.0,
    800.0,
    750.0,
    700.0,
    650.0,
    600.0,
    550.0,
    500.0,
    450.0,
    400.0,
    350.0,
    300.0,
    250.0,
    200.0,
    150.0,
    100.0
  ]
}